Project URL,SHA Detected,Module Path,Fully-Qualified Test Name (packageName.ClassName.methodName),Category,Status,PR Link,Notes
https://github.com/Accenture/mercury,8586dc79f8bf75a929896f0aac03fe95824d9578,system/platform-core,org.platformlambda.core.MulticastTest.routingTest,TD,,,
https://github.com/Accenture/mercury,8586dc79f8bf75a929896f0aac03fe95824d9578,system/platform-core,org.platformlambda.core.ObjectStreamTest.asyncReadWrite,TD,,,
https://github.com/Activiti/Activiti,b11f757a48600e53aaf3fcb7a3ba1ece6c463cb4,activiti-core/activiti-engine,org.activiti.engine.test.api.event.ActivityEventsTest.testActivityTimeOutEvent,TD,DeveloperFixed,,https://github.com/TestingResearchIllinois/idoft/issues/1851
https://github.com/Activiti/Activiti,b11f757a48600e53aaf3fcb7a3ba1ece6c463cb4,activiti-core/activiti-engine,org.activiti.engine.test.bpmn.async.AsyncExclusiveJobsTest.testExclusiveJobs,TD,DeveloperFixed,,https://github.com/TestingResearchIllinois/idoft/issues/1851
https://github.com/Activiti/Activiti,b11f757a48600e53aaf3fcb7a3ba1ece6c463cb4,activiti-core/activiti-engine,org.activiti.engine.test.bpmn.async.AsyncTaskTest.testBasicAsyncCallActivity,TD,DeveloperFixed,,https://github.com/TestingResearchIllinois/idoft/issues/1851
https://github.com/Activiti/Activiti,b11f757a48600e53aaf3fcb7a3ba1ece6c463cb4,activiti-core/activiti-engine,org.activiti.engine.test.bpmn.event.end.TerminateEndEventTest.testTerminateInSubProcessWithBoundary,TD,DeveloperFixed,,https://github.com/TestingResearchIllinois/idoft/issues/1851
https://github.com/Activiti/Activiti,b11f757a48600e53aaf3fcb7a3ba1ece6c463cb4,activiti-core/activiti-engine,org.activiti.engine.test.bpmn.event.timer.BoundaryTimerNonInterruptingEventTest.testMultipleTimersOnUserTask,TD,DeveloperFixed,,https://github.com/TestingResearchIllinois/idoft/issues/1851
https://github.com/Activiti/Activiti,b11f757a48600e53aaf3fcb7a3ba1ece6c463cb4,activiti-core/activiti-engine,org.activiti.engine.test.bpmn.event.timer.IntermediateTimerEventTest.testCatchingTimerEvent,TD,DeveloperFixed,,https://github.com/TestingResearchIllinois/idoft/issues/1851
https://github.com/Activiti/Activiti,b11f757a48600e53aaf3fcb7a3ba1ece6c463cb4,activiti-core/activiti-engine,org.activiti.engine.test.bpmn.event.timer.IntermediateTimerEventTest.testTimerEventWithStartAndDuration,TD,DeveloperFixed,,https://github.com/TestingResearchIllinois/idoft/issues/1851
https://github.com/Activiti/Activiti,b11f757a48600e53aaf3fcb7a3ba1ece6c463cb4,activiti-core/activiti-engine,org.activiti.engine.test.bpmn.event.timer.StartTimerEventRepeatWithEndTest.testCycleDateStartTimerEvent,TD,DeveloperFixed,,https://github.com/TestingResearchIllinois/idoft/issues/1851
https://github.com/Activiti/Activiti,b11f757a48600e53aaf3fcb7a3ba1ece6c463cb4,activiti-core/activiti-engine,org.activiti.engine.test.jobexecutor.AsyncExecutorTest.testAsyncExecutorDisabledOnOneEngine,TD,DeveloperFixed,,https://github.com/TestingResearchIllinois/idoft/issues/1851
https://github.com/Activiti/Activiti,b11f757a48600e53aaf3fcb7a3ba1ece6c463cb4,activiti-core/activiti-engine,org.activiti.engine.test.jobexecutor.AsyncExecutorTest.testAsyncFailingScript,TD,DeveloperFixed,,https://github.com/TestingResearchIllinois/idoft/issues/1851
https://github.com/Activiti/Activiti,b11f757a48600e53aaf3fcb7a3ba1ece6c463cb4,activiti-core/activiti-engine,org.activiti.engine.test.jobexecutor.JobExecutorExceptionsTest.testQueryByExceptionWithRealJobExecutor,TD,DeveloperFixed,,https://github.com/TestingResearchIllinois/idoft/issues/1851
https://github.com/Activiti/Activiti,b11f757a48600e53aaf3fcb7a3ba1ece6c463cb4,activiti-core/activiti-engine,org.activiti.engine.test.jobexecutor.JobExecutorTest.testBasicJobExecutorOperation,TD,DeveloperFixed,,https://github.com/TestingResearchIllinois/idoft/issues/1851
https://github.com/Activiti/Activiti,b11f757a48600e53aaf3fcb7a3ba1ece6c463cb4,activiti-core/activiti-spring,org.activiti.spring.test.jobexecutor.SpringAsyncExecutorTest.testHappyJobExecutorPath,TD,DeveloperFixed,,https://github.com/TestingResearchIllinois/idoft/issues/1851
https://github.com/alibaba/wasp,b2593d8e4b31ca6da0cd2f3e18356338d9b6dace,.,com.alibaba.wasp.executor.TestExecutorService.testExecutorService,TD,,,
https://github.com/Alluxio/alluxio,78c063ae181279d81cbc0808a684864a8c8b311c,.,tachyon.client.FileOutStreamTest.writeTest2,TD,,,
https://github.com/Alluxio/alluxio,78c063ae181279d81cbc0808a684864a8c8b311c,.,tachyon.client.RemoteBlockInStreamTest.readTest5,TD,,,
https://github.com/Alluxio/alluxio,78c063ae181279d81cbc0808a684864a8c8b311c,.,tachyon.client.RemoteBlockInStreamTest.readTest6,TD,,,
https://github.com/Alluxio/alluxio,78c063ae181279d81cbc0808a684864a8c8b311c,.,tachyon.client.table.RawTableTest.rawtablePerfTest,TD,,,
https://github.com/Alluxio/alluxio,78c063ae181279d81cbc0808a684864a8c8b311c,.,tachyon.client.TachyonFileTest.isInMemoryTest,TD,,,
https://github.com/Alluxio/alluxio,78c063ae181279d81cbc0808a684864a8c8b311c,.,tachyon.client.TachyonFileTest.writeEmptyFileTest,TD,,,
https://github.com/Alluxio/alluxio,78c063ae181279d81cbc0808a684864a8c8b311c,.,tachyon.client.TachyonFSTest.createFileWithCheckpointFileTest,TD,,,
https://github.com/Alluxio/alluxio,78c063ae181279d81cbc0808a684864a8c8b311c,.,tachyon.client.TachyonFSTest.deleteFileTest,TD,,,
https://github.com/Alluxio/alluxio,78c063ae181279d81cbc0808a684864a8c8b311c,.,tachyon.client.TachyonFSTest.lockBlockTest1,TD,,,
https://github.com/Alluxio/alluxio,78c063ae181279d81cbc0808a684864a8c8b311c,.,tachyon.client.TachyonFSTest.lockBlockTest3,TD,,,
https://github.com/Alluxio/alluxio,78c063ae181279d81cbc0808a684864a8c8b311c,.,tachyon.client.TachyonFSTest.lockBlockTest4,TD,,,
https://github.com/Alluxio/alluxio,78c063ae181279d81cbc0808a684864a8c8b311c,.,tachyon.client.TachyonFSTest.unlockBlockTest1,TD,,,
https://github.com/Alluxio/alluxio,78c063ae181279d81cbc0808a684864a8c8b311c,.,tachyon.client.TachyonFSTest.unlockBlockTest2,TD,,,
https://github.com/Alluxio/alluxio,78c063ae181279d81cbc0808a684864a8c8b311c,.,tachyon.client.TachyonFSTest.unlockBlockTest3,TD,,,
https://github.com/Alluxio/alluxio,78c063ae181279d81cbc0808a684864a8c8b311c,.,tachyon.command.TFsShellTest.fileinfoTest,TD,,,
https://github.com/Alluxio/alluxio,78c063ae181279d81cbc0808a684864a8c8b311c,.,tachyon.DataServerTest.readTest,TD,,,
https://github.com/Alluxio/alluxio,78c063ae181279d81cbc0808a684864a8c8b311c,.,tachyon.WorkerServiceHandlerTest.evictionTest,TD,,,
https://github.com/apache/dubbo,737f7a7ea67832d7f17517326fb2491d0a086dd7,dubbo-config/dubbo-config-api,org.apache.dubbo.config.GenericServiceTest.testGenericImplementationWithBeanSerialization,TD,MovedOrRenamed,,https://github.com/apache/dubbo/commit/678cdb4184b9397c70b94e1b696cf11bcf16b1e5
https://github.com/apache/dubbo,737f7a7ea67832d7f17517326fb2491d0a086dd7,dubbo-config/dubbo-config-api,org.apache.dubbo.config.GenericServiceTest.testGenericReferenceException,TD,MovedOrRenamed,,https://github.com/apache/dubbo/commit/678cdb4184b9397c70b94e1b696cf11bcf16b1e5
https://github.com/apache/dubbo,737f7a7ea67832d7f17517326fb2491d0a086dd7,dubbo-config/dubbo-config-api,org.apache.dubbo.config.GenericServiceTest.testGenericSerializationJava,TD,MovedOrRenamed,,https://github.com/apache/dubbo/commit/678cdb4184b9397c70b94e1b696cf11bcf16b1e5
https://github.com/apache/dubbo,737f7a7ea67832d7f17517326fb2491d0a086dd7,dubbo-config/dubbo-config-api,org.apache.dubbo.config.GenericServiceTest.testGenericServiceException,TD,MovedOrRenamed,,https://github.com/apache/dubbo/commit/678cdb4184b9397c70b94e1b696cf11bcf16b1e5
https://github.com/apache/dubbo,737f7a7ea67832d7f17517326fb2491d0a086dd7,dubbo-rpc/dubbo-rpc-dubbo,org.apache.dubbo.rpc.protocol.dubbo.DubboProtocolTest.testDemoProtocol,TD,,,
https://github.com/apache/dubbo,737f7a7ea67832d7f17517326fb2491d0a086dd7,dubbo-rpc/dubbo-rpc-dubbo,org.apache.dubbo.rpc.protocol.dubbo.DubboProtocolTest.testNonSerializedParameter,TD,,,
https://github.com/apache/dubbo,737f7a7ea67832d7f17517326fb2491d0a086dd7,dubbo-rpc/dubbo-rpc-dubbo,org.apache.dubbo.rpc.protocol.dubbo.DubboProtocolTest.testPerm,TD,,,
https://github.com/apache/dubbo,737f7a7ea67832d7f17517326fb2491d0a086dd7,dubbo-rpc/dubbo-rpc-http,org.apache.dubbo.rpc.protocol.http.HttpProtocolTest.testGenericInvokeWithNativeJava,TD,Deleted,,https://github.com/apache/dubbo/commit/8bdecea7ef808d19f0449dd43ec85ba8dbaeeb26
https://github.com/apache/dubbo,737f7a7ea67832d7f17517326fb2491d0a086dd7,dubbo-rpc/dubbo-rpc-rest,org.apache.dubbo.rpc.protocol.rest.RestProtocolTest.testFilter,TD,MovedOrRenamed,,https://github.com/apache/dubbo/commit/02a59e2f4074889500ea29130b82aa80ced44d5e
https://github.com/apache/dubbo,737f7a7ea67832d7f17517326fb2491d0a086dd7,dubbo-rpc/dubbo-rpc-rest,org.apache.dubbo.rpc.protocol.rest.RestProtocolTest.testNettyServer,TD,MovedOrRenamed,,https://github.com/apache/dubbo/commit/02a59e2f4074889500ea29130b82aa80ced44d5e
https://github.com/apache/httpcore,49247d208bde47f652812493e1d3576e136b8eb8,httpcore-nio,org.apache.http.nio.protocol.TestAsyncNHttpHandlers.testDelayedHttpException,TD,,,
https://github.com/apache/httpcore,49247d208bde47f652812493e1d3576e136b8eb8,httpcore-nio,org.apache.http.nio.protocol.TestAsyncNHttpHandlers.testDelayedHttpGets,TD,,,
https://github.com/apache/httpcore,49247d208bde47f652812493e1d3576e136b8eb8,httpcore-nio,org.apache.http.nio.protocol.TestAsyncNHttpHandlers.testHttpPostsChunked,TD,,,
https://github.com/apache/httpcore,49247d208bde47f652812493e1d3576e136b8eb8,httpcore-nio,org.apache.http.nio.protocol.TestAsyncNHttpHandlers.testNoRequestHandler,TD,,,
https://github.com/apache/httpcore,49247d208bde47f652812493e1d3576e136b8eb8,httpcore-nio,org.apache.http.nio.protocol.TestAsyncNHttpHandlers.testNoServiceHandler,TD,,,
https://github.com/apache/httpcore,49247d208bde47f652812493e1d3576e136b8eb8,httpcore-nio,org.apache.http.nio.protocol.TestBufferingNHttpHandlers.testHttpPostsChunked,TD,,,
https://github.com/apache/httpcore,49247d208bde47f652812493e1d3576e136b8eb8,httpcore-nio,org.apache.http.nio.protocol.TestBufferingNHttpHandlers.testHttpPostsHTTP10,TD,,,
https://github.com/apache/httpcore,49247d208bde47f652812493e1d3576e136b8eb8,httpcore-nio,org.apache.http.nio.protocol.TestThrottlingNHttpHandlers.testSimpleHttpGets,TD,,,
https://github.com/apache/httpcore,49247d208bde47f652812493e1d3576e136b8eb8,httpcore-nio,org.apache.http.nio.protocol.TestThrottlingNHttpHandlers.testSimpleHttpPostsChunked,TD,,,
https://github.com/apache/httpcore,49247d208bde47f652812493e1d3576e136b8eb8,httpcore,org.apache.http.pool.TestConnPool.testLeaseTimeout,TD,,,
https://github.com/apache/httpcore,49247d208bde47f652812493e1d3576e136b8eb8,httpcore,org.apache.http.pool.TestConnPool.testStatefulConnectionRedistributionOnPerRouteMaxLimit,TD,,,
https://github.com/apache/incubator-uniffle,6fb2a9a63132ab9abbde2f1f9240f9caf2f5d0f0,common,org.apache.uniffle.common.rpc.GrpcServerTest.testGrpcExecutorPool,TD,,,
https://github.com/cescoffier/vertx-completable-future,011d3cd963b9a810c2e8e616da27bbfd8a3c717e,.,me.escoffier.vertx.completablefuture.VertxCompletableFutureTest.testAcceptEitherAsyncWithExecutor,TD,,,
https://github.com/davidmoten/rxjava2-extras,7663d3b19295f12c35f80594efa1e507e98650b1,.,com.github.davidmoten.rx2.flowable.TransformersTest.testBufferMaxCountAndTimeoutAsyncCountWins,TD,,,
https://github.com/davidmoten/rxjava2-extras,7663d3b19295f12c35f80594efa1e507e98650b1,.,com.github.davidmoten.rx2.FlowablesTest.testCache,TD,,,
https://github.com/doanduyhai/Achilles,e3099bdce342910951c4862c78751fd81ed4552e,integration-test-2_1,info.archinnov.achilles.it.bugs.TestEntityWithCaseSensitivePKIT.should_dsl_select_with_token_value,TD,Unmaintained,,last commit on 2022-01-15
https://github.com/doanduyhai/Achilles,e3099bdce342910951c4862c78751fd81ed4552e,integration-test-2_1,info.archinnov.achilles.it.TestALLEntityAsChild.should_insert,TD,Unmaintained,,last commit on 2022-01-15
https://github.com/doanduyhai/Achilles,e3099bdce342910951c4862c78751fd81ed4552e,integration-test-2_1,info.archinnov.achilles.it.TestDSLSimpleEntity.should_dsl_select_with_token_value,TD,Unmaintained,,last commit on 2022-01-15
https://github.com/doanduyhai/Achilles,e3099bdce342910951c4862c78751fd81ed4552e,integration-test-3_10,info.archinnov.achilles.it.TestEntityForGroupByIT.should_select_sum_group_by_partition_keys,TD,Unmaintained,,last commit on 2022-01-15
https://github.com/doanduyhai/Achilles,e3099bdce342910951c4862c78751fd81ed4552e,integration-test-3_10,info.archinnov.achilles.it.TestEntityForGroupByIT.should_select_sum_group_by_partition_keys_and_one_clustering,TD,Unmaintained,,last commit on 2022-01-15
https://github.com/doanduyhai/Achilles,e3099bdce342910951c4862c78751fd81ed4552e,integration-test-2_1,info.archinnov.achilles.it.TestEntityWithComplexIndices.should_query_using_collection_index,TD,Unmaintained,,last commit on 2022-01-15
https://github.com/doanduyhai/Achilles,e3099bdce342910951c4862c78751fd81ed4552e,integration-test-2_1,info.archinnov.achilles.it.TestEntityWithComplexIndices.should_query_using_full_collection_index,TD,Unmaintained,,last commit on 2022-01-15
https://github.com/doanduyhai/Achilles,e3099bdce342910951c4862c78751fd81ed4552e,integration-test-2_1,info.archinnov.achilles.it.TestEntityWithComplexIndices.should_query_using_index_and_clustering_column,TD,Unmaintained,,last commit on 2022-01-15
https://github.com/doanduyhai/Achilles,e3099bdce342910951c4862c78751fd81ed4552e,integration-test-2_1,info.archinnov.achilles.it.TestEntityWithComplexIndices.should_query_using_index_and_clustering_column_slice,TD,Unmaintained,,last commit on 2022-01-15
https://github.com/doanduyhai/Achilles,e3099bdce342910951c4862c78751fd81ed4552e,integration-test-2_1,info.archinnov.achilles.it.TestEntityWithComplexIndices.should_query_using_index_and_multi_clustering_columns_slice,TD,Unmaintained,,last commit on 2022-01-15
https://github.com/doanduyhai/Achilles,e3099bdce342910951c4862c78751fd81ed4552e,integration-test-2_1,info.archinnov.achilles.it.TestEntityWithComplexIndices.should_query_using_map_key_entry,TD,Unmaintained,,last commit on 2022-01-15
https://github.com/doanduyhai/Achilles,e3099bdce342910951c4862c78751fd81ed4552e,integration-test-2_1,info.archinnov.achilles.it.TestEntityWithComplexIndices.should_query_using_map_key_index,TD,Unmaintained,,last commit on 2022-01-15
https://github.com/doanduyhai/Achilles,e3099bdce342910951c4862c78751fd81ed4552e,integration-test-2_1,info.archinnov.achilles.it.TestEntityWithComplexIndices.should_query_using_map_key_value,TD,Unmaintained,,last commit on 2022-01-15
https://github.com/doanduyhai/Achilles,e3099bdce342910951c4862c78751fd81ed4552e,integration-test-2_1,info.archinnov.achilles.it.TestEntityWithComplexIndices.should_query_using_simple_index,TD,Unmaintained,,last commit on 2022-01-15
https://github.com/doanduyhai/Achilles,e3099bdce342910951c4862c78751fd81ed4552e,integration-test-2_2,info.archinnov.achilles.it.TestEntityWithIndicesForJSON.should_query_using_collection_index_fromJSON,TD,Unmaintained,,last commit on 2022-01-15
https://github.com/doanduyhai/Achilles,e3099bdce342910951c4862c78751fd81ed4552e,integration-test-2_2,info.archinnov.achilles.it.TestEntityWithIndicesForJSON.should_query_using_full_collection_index_fromJSON,TD,Unmaintained,,last commit on 2022-01-15
https://github.com/doanduyhai/Achilles,e3099bdce342910951c4862c78751fd81ed4552e,integration-test-2_2,info.archinnov.achilles.it.TestEntityWithIndicesForJSON.should_query_using_index_and_clustering_column_fromJSON,TD,Unmaintained,,last commit on 2022-01-15
https://github.com/doanduyhai/Achilles,e3099bdce342910951c4862c78751fd81ed4552e,integration-test-2_2,info.archinnov.achilles.it.TestEntityWithIndicesForJSON.should_query_using_map_key_entry_fromJSON,TD,Unmaintained,,last commit on 2022-01-15
https://github.com/doanduyhai/Achilles,e3099bdce342910951c4862c78751fd81ed4552e,integration-test-2_2,info.archinnov.achilles.it.TestEntityWithIndicesForJSON.should_query_using_map_key_index_fromJSON,TD,Unmaintained,,last commit on 2022-01-15
https://github.com/doanduyhai/Achilles,e3099bdce342910951c4862c78751fd81ed4552e,integration-test-2_2,info.archinnov.achilles.it.TestEntityWithIndicesForJSON.should_query_using_map_key_value_fromJSON,TD,Unmaintained,,last commit on 2022-01-15
https://github.com/doanduyhai/Achilles,e3099bdce342910951c4862c78751fd81ed4552e,integration-test-2_2,info.archinnov.achilles.it.TestEntityWithIndicesForJSON.should_query_using_simple_index_fromJSON,TD,Unmaintained,,last commit on 2022-01-15
https://github.com/doanduyhai/Achilles,e3099bdce342910951c4862c78751fd81ed4552e,integration-test-3_7,info.archinnov.achilles.it.TestEntityWithSASIIndices.should_search_using_contains,TD,Unmaintained,,last commit on 2022-01-15
https://github.com/doanduyhai/Achilles,e3099bdce342910951c4862c78751fd81ed4552e,integration-test-3_7,info.archinnov.achilles.it.TestEntityWithSASIIndices.should_search_using_end_with,TD,Unmaintained,,last commit on 2022-01-15
https://github.com/doanduyhai/Achilles,e3099bdce342910951c4862c78751fd81ed4552e,integration-test-3_7,info.archinnov.achilles.it.TestEntityWithSASIIndices.should_search_using_eq_non_tokenizer,TD,Unmaintained,,last commit on 2022-01-15
https://github.com/doanduyhai/Achilles,e3099bdce342910951c4862c78751fd81ed4552e,integration-test-3_7,info.archinnov.achilles.it.TestEntityWithSASIIndices.should_search_using_like,TD,Unmaintained,,last commit on 2022-01-15
https://github.com/doanduyhai/Achilles,e3099bdce342910951c4862c78751fd81ed4552e,integration-test-3_7,info.archinnov.achilles.it.TestEntityWithSASIIndices.should_search_using_like_non_tokenizer,TD,Unmaintained,,last commit on 2022-01-15
https://github.com/doanduyhai/Achilles,e3099bdce342910951c4862c78751fd81ed4552e,integration-test-3_7,info.archinnov.achilles.it.TestEntityWithSASIIndices.should_search_using_prefix_non_tokenizer,TD,Unmaintained,,last commit on 2022-01-15
https://github.com/doanduyhai/Achilles,f52f7ec93b3da758119dbbbc1be8dad8e8783764,integration-test,info.archinnov.achilles.test.integration.tests.ClusteredEntityIT.should_persist_with_ttl,TD,,,
https://github.com/doanduyhai/Achilles,f52f7ec93b3da758119dbbbc1be8dad8e8783764,integration-test,info.archinnov.achilles.test.integration.tests.ClusteredEntityIT.should_update_with_ttl,TD,,,
https://github.com/elasticjob/elastic-job-lite,a7042cf4872d784d619e4560cdfa0f92b0311965,elasticjob-infra/elasticjob-infra-common,org.apache.shardingsphere.elasticjob.infra.concurrent.ElasticJobExecutorServiceTest.assertCreateExecutorService,TD,,,
https://github.com/fluent/fluent-logger-java,2e5fdf2dbed59cc5af88442ceae6cbe72f321060,.,org.fluentd.logger.TestFluentLogger.testInMultiThreading,TD,,,
https://github.com/kagkarlsson/db-scheduler,0e9f2a8a063cda04a6537a829ebbe4e93134ab1c,db-scheduler,com.github.kagkarlsson.scheduler.RunUntilShutdownTest.should_wait_on_ok_execution,TD,,,
https://github.com/kagkarlsson/db-scheduler,0e9f2a8a063cda04a6537a829ebbe4e93134ab1c,db-scheduler,com.github.kagkarlsson.scheduler.RunUntilShutdownTest.should_wait_on_runtime_exception,TD,,,
https://github.com/kagkarlsson/db-scheduler,0e9f2a8a063cda04a6537a829ebbe4e93134ab1c,db-scheduler,com.github.kagkarlsson.scheduler.WaiterTest.should_not_wait_if_instructed_to_skip_next,TD,,,
https://github.com/kagkarlsson/db-scheduler,0e9f2a8a063cda04a6537a829ebbe4e93134ab1c,db-scheduler,com.github.kagkarlsson.scheduler.WaiterTest.should_wait_until_woken,TD,,,
https://github.com/nlighten/tomcat_exporter,bc6a2d257a94b3603249e14b8bdb06e0e555f8be,client,nl.nlighten.prometheus.tomcat.TomcatGenericExportsTest.testRequestProcessorMetrics,TD,,,
https://github.com/qos-ch/logback,0f57531977287fd3d8c9046e9f68e281715f3b10,logback-classic,ch.qos.logback.classic.net.SMTPAppender_GreenTest.testCustomBufferSize,TD,,,
https://github.com/qos-ch/logback,0f57531977287fd3d8c9046e9f68e281715f3b10,logback-classic,ch.qos.logback.classic.net.SMTPAppender_GreenTest.testCustomEvaluator,TD,,,
https://github.com/qos-ch/logback,0f57531977287fd3d8c9046e9f68e281715f3b10,logback-classic,ch.qos.logback.classic.turbo.ReconfigureOnChangeTest.scan_LOGBACK_474,TD,,,
https://github.com/qos-ch/logback,0f57531977287fd3d8c9046e9f68e281715f3b10,logback-core,ch.qos.logback.core.AsyncAppenderBaseTest.workerShouldStopEvenIfInterruptExceptionConsumedWithinSubappender,TD,,,
https://github.com/qos-ch/logback,0f57531977287fd3d8c9046e9f68e281715f3b10,logback-core,ch.qos.logback.core.FileAppenderResilienceTest.smoke,TD,,,
https://github.com/square/okhttp,129c937fb33328e1f4ee8815a94e89676f242c2c,okhttp-tests,com.squareup.okhttp.internal.spdy.SpdyConnectionTest.receiveGoAway,TD,,,
https://github.com/TooTallNate/Java-WebSocket,fa3909c391195178ccf5a92d4ac342a30ae247c8,.,org.java_websocket.issues.Issue580Test.runNoCloseBlockingTestScenario2,TD,MovedOrRenamed,,https://github.com/TooTallNate/Java-WebSocket/commit/2ce6e6149d0ef44f4919e75326265c64c144a00f
https://github.com/TooTallNate/Java-WebSocket,fa3909c391195178ccf5a92d4ac342a30ae247c8,.,org.java_websocket.issues.Issue580Test.runNoCloseBlockingTestScenario5,TD,MovedOrRenamed,,https://github.com/TooTallNate/Java-WebSocket/commit/2ce6e6149d0ef44f4919e75326265c64c144a00f
https://github.com/TooTallNate/Java-WebSocket,fa3909c391195178ccf5a92d4ac342a30ae247c8,.,org.java_websocket.misc.OpeningHandshakeRejectionTest.testHandshakeRejectionTestCase1,TD,,,
https://github.com/TooTallNate/Java-WebSocket,fa3909c391195178ccf5a92d4ac342a30ae247c8,.,org.java_websocket.misc.OpeningHandshakeRejectionTest.testHandshakeRejectionTestCase2,TD,,,
https://github.com/TooTallNate/Java-WebSocket,fa3909c391195178ccf5a92d4ac342a30ae247c8,.,org.java_websocket.misc.OpeningHandshakeRejectionTest.testHandshakeRejectionTestCase3,TD,,,
https://github.com/TooTallNate/Java-WebSocket,fa3909c391195178ccf5a92d4ac342a30ae247c8,.,org.java_websocket.misc.OpeningHandshakeRejectionTest.testHandshakeRejectionTestCase4,TD,,,
https://github.com/TooTallNate/Java-WebSocket,fa3909c391195178ccf5a92d4ac342a30ae247c8,.,org.java_websocket.misc.OpeningHandshakeRejectionTest.testHandshakeRejectionTestCase5,TD,,,
https://github.com/TooTallNate/Java-WebSocket,fa3909c391195178ccf5a92d4ac342a30ae247c8,.,org.java_websocket.misc.OpeningHandshakeRejectionTest.testHandshakeRejectionTestCase6,TD,,,
https://github.com/TooTallNate/Java-WebSocket,fa3909c391195178ccf5a92d4ac342a30ae247c8,.,org.java_websocket.misc.OpeningHandshakeRejectionTest.testHandshakeRejectionTestCase7,TD,,,
https://github.com/TooTallNate/Java-WebSocket,fa3909c391195178ccf5a92d4ac342a30ae247c8,.,org.java_websocket.misc.OpeningHandshakeRejectionTest.testHandshakeRejectionTestCase8,TD,,,
https://github.com/TooTallNate/Java-WebSocket,fa3909c391195178ccf5a92d4ac342a30ae247c8,.,org.java_websocket.misc.OpeningHandshakeRejectionTest.testHandshakeRejectionTestCase9,TD,,,
https://github.com/TooTallNate/Java-WebSocket,fa3909c391195178ccf5a92d4ac342a30ae247c8,.,org.java_websocket.protocols.ProtoclHandshakeRejectionTest.testHandshakeRejectionTestCase11,TD,,,https://github.com/TestingResearchIllinois/idoft/issues/22
https://github.com/TooTallNate/Java-WebSocket,fa3909c391195178ccf5a92d4ac342a30ae247c8,.,org.java_websocket.protocols.ProtoclHandshakeRejectionTest.testHandshakeRejectionTestCase13,TD,,,https://github.com/TestingResearchIllinois/idoft/issues/22
https://github.com/TooTallNate/Java-WebSocket,fa3909c391195178ccf5a92d4ac342a30ae247c8,.,org.java_websocket.protocols.ProtoclHandshakeRejectionTest.testHandshakeRejectionTestCase14,TD,,,https://github.com/TestingResearchIllinois/idoft/issues/22
https://github.com/TooTallNate/Java-WebSocket,fa3909c391195178ccf5a92d4ac342a30ae247c8,.,org.java_websocket.protocols.ProtoclHandshakeRejectionTest.testHandshakeRejectionTestCase16,TD,,,https://github.com/TestingResearchIllinois/idoft/issues/22
https://github.com/TooTallNate/Java-WebSocket,fa3909c391195178ccf5a92d4ac342a30ae247c8,.,org.java_websocket.protocols.ProtoclHandshakeRejectionTest.testHandshakeRejectionTestCase17,TD,,,https://github.com/TestingResearchIllinois/idoft/issues/22
https://github.com/TooTallNate/Java-WebSocket,fa3909c391195178ccf5a92d4ac342a30ae247c8,.,org.java_websocket.protocols.ProtoclHandshakeRejectionTest.testHandshakeRejectionTestCase2,TD,,,https://github.com/TestingResearchIllinois/idoft/issues/22
https://github.com/TooTallNate/Java-WebSocket,fa3909c391195178ccf5a92d4ac342a30ae247c8,.,org.java_websocket.protocols.ProtoclHandshakeRejectionTest.testHandshakeRejectionTestCase3,TD,,,https://github.com/TestingResearchIllinois/idoft/issues/22
https://github.com/TooTallNate/Java-WebSocket,fa3909c391195178ccf5a92d4ac342a30ae247c8,.,org.java_websocket.protocols.ProtoclHandshakeRejectionTest.testHandshakeRejectionTestCase4,TD,,,https://github.com/TestingResearchIllinois/idoft/issues/22
https://github.com/TooTallNate/Java-WebSocket,fa3909c391195178ccf5a92d4ac342a30ae247c8,.,org.java_websocket.protocols.ProtoclHandshakeRejectionTest.testHandshakeRejectionTestCase6,TD,,,https://github.com/TestingResearchIllinois/idoft/issues/22
https://github.com/TooTallNate/Java-WebSocket,fa3909c391195178ccf5a92d4ac342a30ae247c8,.,org.java_websocket.protocols.ProtoclHandshakeRejectionTest.testHandshakeRejectionTestCase8,TD,,,https://github.com/TestingResearchIllinois/idoft/issues/22
https://github.com/TooTallNate/Java-WebSocket,fa3909c391195178ccf5a92d4ac342a30ae247c8,.,org.java_websocket.protocols.ProtoclHandshakeRejectionTest.testHandshakeRejectionTestCase9,TD,,,https://github.com/TestingResearchIllinois/idoft/issues/22
https://github.com/undertow-io/undertow,ac7204ab8cabb197a1327e5bbdb6e0e2ed1917f1,core,io.undertow.server.handlers.proxy.LoadBalancingProxyTestCase.testLoadSharedWithServerShutdown,TD,,,
https://github.com/undertow-io/undertow,ac7204ab8cabb197a1327e5bbdb6e0e2ed1917f1,core,io.undertow.server.security.DigestAuthentication2069TestCase.testDigestSuccess,TD,,,
https://github.com/undertow-io/undertow,ac7204ab8cabb197a1327e5bbdb6e0e2ed1917f1,core,io.undertow.server.security.DigestAuthentication2069TestCase.testNonceReUse,TD,,,
https://github.com/undertow-io/undertow,ac7204ab8cabb197a1327e5bbdb6e0e2ed1917f1,core,io.undertow.server.security.DigestAuthenticationAuthTestCase.testDigestSuccess,TD,,,
https://github.com/undertow-io/undertow,d0efffad5d2034bb07525cac9b299dac72c3045d,websockets-jsr,io.undertow.websockets.jsr.test.reconnect.ClientEndpointReconnectTestCase.testAnnotatedClientEndpoint,TD,Opened,https://github.com/undertow-io/undertow/pull/1705,
https://github.com/vmware/admiral,e4b02936cc7d4ff2714e7231db0c4373ba5d48a2,compute,com.vmware.admiral.compute.cluster.ClusterServiceTest.testPatchSingleHostClusterWithPublicAddress,TD,RepoArchived,,
https://github.com/wro4j/wro4j,7e3801e19fb43183c59607663ebd53c27a95cf77,wro4j-core,ro.isdc.wro.util.concurrent.TestTaskExecutor.shouldBeFasterWhenRunningMultipleSlowTasks,TD,,,
